Tanggal,No,Kode Perusahaan,Nama Perusahaan,Volume,Nilai,Frekuensi
2026-01-28,1,AD,OSO Sekuritas Indonesia,9311700,4243334900,274
2026-01-28,2,AF,Harita Kencana Sekuritas,171590500,335455137900,2395
2026-01-28,3,AG,Kiwoom Sekuritas Indonesia,349259200,263755208300,20886
2026-01-28,4,AH,Shinhan Sekuritas Indonesia,28656000,14786248700,1134
2026-01-28,5,AI,UOB Kay Hian Sekuritas,746588200,640120709500,24883
2026-01-28,6,AK,UBS Sekuritas Indonesia,6744691404,10266791823100,545514
2026-01-28,7,AN,Wanteg Sekuritas,60044500,27867304400,2266
2026-01-28,8,AO,ERDIKHA ELIT SEKURITAS,558180800,271339186000,18995
2026-01-28,9,AP,Pacific Sekuritas Indonesia,70643382,105626790680,45
2026-01-28,10,AR,Binaartha Sekuritas,45896100,24589733300,2376
2026-01-28,11,AT,Phintraco Sekuritas,313791100,182898365200,29236
2026-01-28,12,AZ,Sucor Sekuritas,2377603632,1446834472252,109244
2026-01-28,13,BB,Verdhana Sekuritas Indonesia,1347948552,1296996122260,91306
2026-01-28,14,BF,Inti Fikasa Sekuritas,96096500,99031566400,890
2026-01-28,15,BK,J.P. Morgan Sekuritas Indonesia,2602499688,4837151297274,225337
2026-01-28,16,BQ,Korea Investment and Sekuritas Indonesia,1737654384,663383041632,90232
2026-01-28,17,BR,Trust Sekuritas,203298500,118886622500,10672
2026-01-28,18,BS,Equity Sekuritas Indonesia,20449500,28607077900,1067
2026-01-28,19,CC,MANDIRI SEKURITAS,11461996674,9506220710386,739595
2026-01-28,20,CD,Mega Capital Sekuritas,284974690,108847761600,5637
2026-01-28,21,CP,KB Valbury Sekuritas,4845643900,2267567038600,168813
2026-01-28,22,DD,Makindo Sekuritas,5621900,3384249600,227
2026-01-28,23,DH,SINARMAS SEKURITAS,714518638,839367051680,54556
2026-01-28,24,DP,DBS Vickers Sekuritas Indonesia,1145376100,343493699100,8739
2026-01-28,25,DR,RHB Sekuritas Indonesia,1655120200,836611157100,64874
2026-01-28,26,DU,KAF Sekuritas Indonesia,99020400,13026926100,2841
2026-01-28,27,DX,Bahana Sekuritas,209123600,314345709900,16409
2026-01-28,28,EL,Evergreen Sekuritas Indonesia,33378900,27245057400,2130
2026-01-28,29,EP,MNC Sekuritas,2239196550,737067803700,66455
2026-01-28,30,ES,EKOKAPITAL SEKURITAS,44945000,46761946900,2367
2026-01-28,31,FO,Forte Global Sekuritas,2351800,4901646100,337
2026-01-28,32,FS,Yuanta Sekuritas Indonesia,268793640,97960262400,3765
2026-01-28,33,FZ,Waterfront Sekuritas Indonesia,96928400,58831388600,4546
2026-01-28,34,GA,BNC Sekuritas Indonesia,32447400,18078873700,657
2026-01-28,35,GI,Webull Sekuritas Indonesia,4543600,6139457200,1320
2026-01-28,36,GR,PANIN SEKURITAS Tbk.,1666291800,1419242261000,73433
2026-01-28,37,HD,KGI Sekuritas Indonesia,1153815700,680075542700,48292
2026-01-28,38,HP,Henan Putihrai Sekuritas,369399300,307749407300,19289
2026-01-28,39,IC,Integrity Capital Sekuritas,29730000,3375557000,164
2026-01-28,40,ID,Anugerah Sekuritas Indonesia,21989300,9498194900,839
2026-01-28,41,IF,SAMUEL SEKURITAS INDONESIA,567030800,473009156200,21576
2026-01-28,42,IH,Indo Harvest Sekuritas,53155000,22416513300,2001
2026-01-28,43,II,Danatama Makmur Sekuritas,48965600,49912181100,207
2026-01-28,44,IN,INVESTINDO NUSANTARA SEKURITA,272324000,130024768300,5762
2026-01-28,45,IT,INTI TELADAN SEKURITAS,13548600,17021689300,693
2026-01-28,46,IU,Indo Capital Sekuritas,279618400,137845462200,8552
2026-01-28,47,KI,Ciptadana Sekuritas Asia,1167822800,486757565800,30962
2026-01-28,48,KK,Phillip Sekuritas Indonesia,2144985000,1234516557900,149538
2026-01-28,49,KZ,CLSA Sekuritas Indonesia,550988700,1292107278200,53652
2026-01-28,50,LG,Trimegah Sekuritas Indonesia Tbk.,1986906420,1457956849600,85145
2026-01-28,51,LS,Reliance Sekuritas Indonesia Tbk.,104039100,79595257500,5510
2026-01-28,52,MG,Semesta Indovest Sekuritas,7511742700,2918981946900,172409
2026-01-28,53,MI,Victoria Sekuritas Indonesia,33903000,38332743700,1998
2026-01-28,54,MU,Minna Padi Investama Sekuritas,119377500,68243147300,2366
2026-01-28,55,NI,BNI Sekuritas,2558052691,2137221414980,175903
2026-01-28,56,OD,BRI Danareksa Sekuritas,1638945300,1328165809300,117893
2026-01-28,57,OK,NET SEKURITAS,148196098,61133886500,1699
2026-01-28,58,PC,FAC Sekuritas Indonesia,115890000,58942171300,5319
2026-01-28,59,PD,Indo Premier Sekuritas,4826910940,3235395089868,404828
2026-01-28,60,PF,Danasakti Sekuritas Indonesia,78252200,25447136500,742
2026-01-28,61,PG,Panca Global Sekuritas,126122000,75409040100,3505
2026-01-28,62,PI,Magenta Kapital Sekuritas Indonesia,11387600,5723300600,360
2026-01-28,63,PO,Pilarmas Investindo Sekuritas,46990100,32320867700,1790
2026-01-28,64,PP,Aldiracita Sekuritas Indonesia,7978300,39904608400,1473
2026-01-28,65,QA,Tuntun Sekuritas Indonesia,123635200,19641616300,3401
2026-01-28,66,RB,Ina Sekuritas Indonesia,108836600,77678061900,2263
2026-01-28,67,RF,Buana Capital Sekuritas,130703300,136593920800,6339
2026-01-28,68,RG,Profindo Sekuritas Indonesia,88256400,46496683700,3759
2026-01-28,69,RO,Pluang Maju Sekuritas,198465300,81101211900,4140
2026-01-28,70,RS,Yulie Sekuritas Indonesia Tbk.,32534600,33558820600,668
2026-01-28,71,RX,Macquarie Sekuritas Indonesia,451886900,1265153387200,34179
2026-01-28,72,SA,Elit Sukses Sekuritas,89492800,40957613600,1904
2026-01-28,73,SF,Surya Fajar Sekuritas,40009900,15330225000,1641
2026-01-28,74,SH,Artha Sekuritas Indonesia,68360200,44131145700,3448
2026-01-28,75,SQ,BCA Sekuritas,2929641800,2537792984400,136013
2026-01-28,76,SS,Supra Sekuritas Indonesia,162278700,396172899500,9539
2026-01-28,77,TF,Laba Sekuritas Indonesia,15627600,3545979200,1774
2026-01-28,78,TP,OCBC Sekuritas Indonesia,800483224,743103474100,46819
2026-01-28,79,TS,Dwidana Sakti Sekuritas,29150300,43730220000,1611
2026-01-28,80,XA,NH Korindo Sekuritas Indonesia,1001375000,573046621100,48841
2026-01-28,81,XC,Ajaib Sekuritas Asia,3568377500,2064620138700,486411
2026-01-28,82,XL,Stockbit Sekuritas Digital,19931483289,7963988898540,2164627
2026-01-28,83,YB,Yakin Bertumbuh Sekuritas,1689101000,712895456700,79778
2026-01-28,84,YJ,Lotus Andalan Sekuritas,853250700,404982981000,28973
2026-01-28,85,YO,Amantara Sekuritas Indonesia,12573700,29530965400,1383
2026-01-28,86,YP,Mirae Asset Sekuritas Indonesia,8927292600,5717233200700,586652
2026-01-28,87,YU,CGS International Sekuritas Indonesia,7574077676,6674611969448,226172
2026-01-28,88,ZP,Maybank Sekuritas Indonesia,4573994366,7653055429962,383255
2026-01-28,89,ZR,Bumiputera Sekuritas,35482400,41357768700,2232
2026-01-29,90,AD,OSO Sekuritas Indonesia,9538600,3560796600,403
2026-01-29,91,AF,Harita Kencana Sekuritas,623380000,358419952100,1107
2026-01-29,92,AG,Kiwoom Sekuritas Indonesia,384147700,256002937900,17363
2026-01-29,93,AH,Shinhan Sekuritas Indonesia,47656400,71163965600,1657
2026-01-29,94,AI,UOB Kay Hian Sekuritas,979718800,978764254800,29634
2026-01-29,95,AK,UBS Sekuritas Indonesia,12979397450,15420506852060,934058
2026-01-29,96,AN,Wanteg Sekuritas,82672800,43619225200,2885
2026-01-29,97,AO,ERDIKHA ELIT SEKURITAS,795008500,517571544100,21059
2026-01-29,98,AP,Pacific Sekuritas Indonesia,2175013636,840452588500,183
2026-01-29,99,AR,Binaartha Sekuritas,70668800,38759601000,1920
2026-01-29,100,AT,Phintraco Sekuritas,796893500,244712052300,25985
2026-01-29,101,AZ,Sucor Sekuritas,4029177000,2453543791900,112710
2026-01-29,102,BB,Verdhana Sekuritas Indonesia,353890500,400550030300,10985
2026-01-29,103,BF,Inti Fikasa Sekuritas,33290600,32416698900,390
2026-01-29,104,BK,J.P. Morgan Sekuritas Indonesia,5242841708,8005729790034,318075
2026-01-29,105,BQ,Korea Investment and Sekuritas Indonesia,2995849703,1307051251003,115362
2026-01-29,106,BR,Trust Sekuritas,326403400,178351162600,17931
2026-01-29,107,BS,Equity Sekuritas Indonesia,48438900,31673663700,1758
2026-01-29,108,CC,MANDIRI SEKURITAS,14963181821,12114823151769,828284
2026-01-29,109,CD,Mega Capital Sekuritas,191921550,127465932500,6709
2026-01-29,110,CP,KB Valbury Sekuritas,8661551432,4790122252032,221105
2026-01-29,111,DD,Makindo Sekuritas,3681400,2825402700,241
2026-01-29,112,DH,SINARMAS SEKURITAS,1622352222,1423777211398,46540
2026-01-29,113,DP,DBS Vickers Sekuritas Indonesia,2908018700,494849335400,18803
2026-01-29,114,DR,RHB Sekuritas Indonesia,2061455200,1162446463200,90659
2026-01-29,115,DU,KAF Sekuritas Indonesia,61773000,10871971100,1842
2026-01-29,116,DX,Bahana Sekuritas,579908400,1048659498300,35581
2026-01-29,117,EL,Evergreen Sekuritas Indonesia,57863900,29665121400,1910
2026-01-29,118,EP,MNC Sekuritas,2315243044,902821257552,76684
2026-01-29,119,ES,EKOKAPITAL SEKURITAS,45642600,42613600800,2472
2026-01-29,120,FO,Forte Global Sekuritas,14556700,44141259700,1427
2026-01-29,121,FS,Yuanta Sekuritas Indonesia,221510200,109882881500,6485
2026-01-29,122,FZ,Waterfront Sekuritas Indonesia,291849400,160669588600,7137
2026-01-29,123,GA,BNC Sekuritas Indonesia,79532500,31902444000,1537
2026-01-29,124,GI,Webull Sekuritas Indonesia,4564100,6874389800,1682
2026-01-29,125,GR,PANIN SEKURITAS Tbk.,2059861744,1387268963432,75455
2026-01-29,126,HD,KGI Sekuritas Indonesia,1751166000,1037343333600,82051
2026-01-29,127,HP,Henan Putihrai Sekuritas,383431400,308592044800,20447
2026-01-29,128,IC,Integrity Capital Sekuritas,50453100,4408568000,490
2026-01-29,129,ID,Anugerah Sekuritas Indonesia,30287300,14620946400,1687
2026-01-29,130,IF,SAMUEL SEKURITAS INDONESIA,1435716850,705903883400,25223
2026-01-29,131,IH,Indo Harvest Sekuritas,114581300,48280501400,4483
2026-01-29,132,II,Danatama Makmur Sekuritas,134274500,40291642400,536
2026-01-29,133,IN,INVESTINDO NUSANTARA SEKURITA,475466700,228444658200,11019
2026-01-29,134,IT,INTI TELADAN SEKURITAS,6222900,6685863400,378
2026-01-29,135,IU,Indo Capital Sekuritas,267375300,80373463500,5158
2026-01-29,136,KI,Ciptadana Sekuritas Asia,766846700,463160561800,23084
2026-01-29,137,KK,Phillip Sekuritas Indonesia,3500644200,2132529358100,181072
2026-01-29,138,KZ,CLSA Sekuritas Indonesia,1326813900,5443123902200,153471
2026-01-29,139,LG,Trimegah Sekuritas Indonesia Tbk.,2399437800,1962447720800,86151
2026-01-29,140,LS,Reliance Sekuritas Indonesia Tbk.,166762500,138022121000,6660
2026-01-29,141,MG,Semesta Indovest Sekuritas,24333317500,10275475675800,355408
2026-01-29,142,MI,Victoria Sekuritas Indonesia,425706400,60834977900,1702
2026-01-29,143,MU,Minna Padi Investama Sekuritas,233510400,55452230800,3266
2026-01-29,144,NI,BNI Sekuritas,3981808100,3045581641500,195563
2026-01-29,145,OD,BRI Danareksa Sekuritas,2186630300,1504140036900,125486
2026-01-29,146,OK,NET SEKURITAS,70615100,91791486200,1526
2026-01-29,147,PC,FAC Sekuritas Indonesia,101270900,64408690800,6402
2026-01-29,148,PD,Indo Premier Sekuritas,5742030408,4214671616532,438831
2026-01-29,149,PF,Danasakti Sekuritas Indonesia,14237100,18607335400,514
2026-01-29,150,PG,Panca Global Sekuritas,481923300,187479196100,5609
2026-01-29,151,PI,Magenta Kapital Sekuritas Indonesia,117197600,36662284200,1340
2026-01-29,152,PO,Pilarmas Investindo Sekuritas,54042200,40300162300,2686
2026-01-29,153,PP,Aldiracita Sekuritas Indonesia,9347200,43638350800,1899
2026-01-29,154,QA,Tuntun Sekuritas Indonesia,101877500,16524077700,3835
2026-01-29,155,RB,Ina Sekuritas Indonesia,110513400,40099307800,2567
2026-01-29,156,RF,Buana Capital Sekuritas,443568000,251718975900,8133
2026-01-29,157,RG,Profindo Sekuritas Indonesia,82149600,52370699000,5356
2026-01-29,158,RO,Pluang Maju Sekuritas,126061700,85752965900,4350
2026-01-29,159,RS,Yulie Sekuritas Indonesia Tbk.,25843800,29447898000,1116
2026-01-29,160,RX,Macquarie Sekuritas Indonesia,420728602,1340356486404,34436
2026-01-29,161,SA,Elit Sukses Sekuritas,51523900,45234694800,2532
2026-01-29,162,SF,Surya Fajar Sekuritas,72604100,28141378200,2286
2026-01-29,163,SH,Artha Sekuritas Indonesia,91490100,59760352600,3797
2026-01-29,164,SQ,BCA Sekuritas,2452947500,2102547869300,120721
2026-01-29,165,SS,Supra Sekuritas Indonesia,436455700,380021777600,8134
2026-01-29,166,TF,Laba Sekuritas Indonesia,164214500,11966969600,1066
2026-01-29,167,TP,OCBC Sekuritas Indonesia,849413464,847356738100,46457
2026-01-29,168,TS,Dwidana Sakti Sekuritas,36300300,43273785400,2107
2026-01-29,169,XA,NH Korindo Sekuritas Indonesia,1149068800,699822695000,55443
2026-01-29,170,XC,Ajaib Sekuritas Asia,4393659500,2663076635500,554281
2026-01-29,171,XL,Stockbit Sekuritas Digital,25722826442,12581989766218,2672788
2026-01-29,172,YB,Yakin Bertumbuh Sekuritas,3040545600,1137712544500,98048
2026-01-29,173,YJ,Lotus Andalan Sekuritas,1106060700,532174030500,25328
2026-01-29,174,YO,Amantara Sekuritas Indonesia,124714600,184506766100,574
2026-01-29,175,YP,Mirae Asset Sekuritas Indonesia,12899074900,7556445020600,680875
2026-01-29,176,YU,CGS International Sekuritas Indonesia,16359758252,8330603171908,255347
2026-01-29,177,ZP,Maybank Sekuritas Indonesia,9239240922,9976285637804,497774
2026-01-29,178,ZR,Bumiputera Sekuritas,37026700,30599024400,1543
2026-01-30,179,AD,OSO Sekuritas Indonesia,9225900,2503199200,323
2026-01-30,180,AF,Harita Kencana Sekuritas,9452500,15689596500,642
2026-01-30,181,AG,Kiwoom Sekuritas Indonesia,432334700,309480742300,23387
2026-01-30,182,AH,Shinhan Sekuritas Indonesia,34908800,15453046400,1017
2026-01-30,183,AI,UOB Kay Hian Sekuritas,682773300,446298817900,20997
2026-01-30,184,AK,UBS Sekuritas Indonesia,8360077608,7466444139798,519160
2026-01-30,185,AN,Wanteg Sekuritas,80128300,34374282900,3111
2026-01-30,186,AO,ERDIKHA ELIT SEKURITAS,477508700,192898366700,17647
2026-01-30,187,AP,Pacific Sekuritas Indonesia,93231466,87262775910,29
2026-01-30,188,AR,Binaartha Sekuritas,90877352,27490614272,1443
2026-01-30,189,AT,Phintraco Sekuritas,625784200,178914810400,20084
2026-01-30,190,AZ,Sucor Sekuritas,1310936968,1084250822044,71514
2026-01-30,191,BB,Verdhana Sekuritas Indonesia,570138520,1732388265640,126514
2026-01-30,192,BF,Inti Fikasa Sekuritas,3614000,2438575000,85
2026-01-30,193,BK,J.P. Morgan Sekuritas Indonesia,2731469560,3216182858550,188295
2026-01-30,194,BQ,Korea Investment and Sekuritas Indonesia,1928077784,653768145776,83864
2026-01-30,195,BR,Trust Sekuritas,280451500,186175954100,12555
2026-01-30,196,BS,Equity Sekuritas Indonesia,54213300,15395624700,495
2026-01-30,197,CC,MANDIRI SEKURITAS,8624938408,6743823386940,579594
2026-01-30,198,CD,Mega Capital Sekuritas,129889600,141618887900,4875
2026-01-30,199,CP,KB Valbury Sekuritas,12393836977,3477375876113,168580
2026-01-30,200,DD,Makindo Sekuritas,947500,659770300,124
2026-01-30,201,DH,SINARMAS SEKURITAS,1905726028,5703000953234,29819
2026-01-30,202,DP,DBS Vickers Sekuritas Indonesia,324505000,160841472000,7192
2026-01-30,203,DR,RHB Sekuritas Indonesia,1042300906,641749289300,62857
2026-01-30,204,DU,KAF Sekuritas Indonesia,44229400,11216672700,1551
2026-01-30,205,DX,Bahana Sekuritas,290125900,1054687603600,27962
2026-01-30,206,EL,Evergreen Sekuritas Indonesia,41459200,22588447500,1866
2026-01-30,207,EP,MNC Sekuritas,802964744,389464535952,54150
2026-01-30,208,ES,EKOKAPITAL SEKURITAS,48312800,34988735300,2425
2026-01-30,209,FO,Forte Global Sekuritas,5005000,144075000,21
2026-01-30,210,FS,Yuanta Sekuritas Indonesia,127163900,78762207300,4477
2026-01-30,211,FZ,Waterfront Sekuritas Indonesia,854540751,342005945741,4307
2026-01-30,212,GA,BNC Sekuritas Indonesia,69369400,25828512600,1476
2026-01-30,213,GI,Webull Sekuritas Indonesia,25752900,5604634000,1688
2026-01-30,214,GR,PANIN SEKURITAS Tbk.,1296433700,928843152300,60563
2026-01-30,215,HD,KGI Sekuritas Indonesia,1136263500,571010544500,51923
2026-01-30,216,HP,Henan Putihrai Sekuritas,316012100,247734774000,18329
2026-01-30,217,IC,Integrity Capital Sekuritas,728100,847328000,15
2026-01-30,218,ID,Anugerah Sekuritas Indonesia,27039600,7547362200,748
2026-01-30,219,IF,SAMUEL SEKURITAS INDONESIA,972421900,635888899800,27958
2026-01-30,220,IH,Indo Harvest Sekuritas,73241700,49119499700,4767
2026-01-30,221,II,Danatama Makmur Sekuritas,838862844,352840476280,1167
2026-01-30,222,IN,INVESTINDO NUSANTARA SEKURITA,436084900,310268599700,10630
2026-01-30,223,IT,INTI TELADAN SEKURITAS,8040300,5395209900,248
2026-01-30,224,IU,Indo Capital Sekuritas,206556300,58189176300,4618
2026-01-30,225,KI,Ciptadana Sekuritas Asia,470840900,332569952300,23950
2026-01-30,226,KK,Phillip Sekuritas Indonesia,1651455180,859396341300,118808
2026-01-30,227,KZ,CLSA Sekuritas Indonesia,489722700,895065478400,40810
2026-01-30,228,LG,Trimegah Sekuritas Indonesia Tbk.,3106213734,7310285371850,84718
2026-01-30,229,LS,Reliance Sekuritas Indonesia Tbk.,83551200,56087345100,3751
2026-01-30,230,MG,Semesta Indovest Sekuritas,6604708500,2308143241800,142318
2026-01-30,231,MI,Victoria Sekuritas Indonesia,40967800,39301931400,2413
2026-01-30,232,MU,Minna Padi Investama Sekuritas,99266900,38269940800,2274
2026-01-30,233,NI,BNI Sekuritas,2144199400,1654005978900,134012
2026-01-30,234,OD,BRI Danareksa Sekuritas,1260529800,930155342300,95895
2026-01-30,235,OK,NET SEKURITAS,12129100,9142602500,344
2026-01-30,236,PC,FAC Sekuritas Indonesia,152980800,87901460600,6821
2026-01-30,237,PD,Indo Premier Sekuritas,3467541120,2498364098624,298269
2026-01-30,238,PF,Danasakti Sekuritas Indonesia,44332800,18468119200,711
2026-01-30,239,PG,Panca Global Sekuritas,70456800,53627464500,2640
2026-01-30,240,PI,Magenta Kapital Sekuritas Indonesia,17974800,16956728400,1200
2026-01-30,241,PO,Pilarmas Investindo Sekuritas,95021000,38237582100,1920
2026-01-30,242,PP,Aldiracita Sekuritas Indonesia,45227200,71911443200,3734
2026-01-30,243,QA,Tuntun Sekuritas Indonesia,54449100,29882091400,3746
2026-01-30,244,RB,Ina Sekuritas Indonesia,131838200,46114943400,2835
2026-01-30,245,RF,Buana Capital Sekuritas,244916700,181377168700,6896
2026-01-30,246,RG,Profindo Sekuritas Indonesia,24208000,19555707400,2630
2026-01-30,247,RO,Pluang Maju Sekuritas,74539600,48432784800,3620
2026-01-30,248,RS,Yulie Sekuritas Indonesia Tbk.,29492400,12699305500,654
2026-01-30,249,RX,Macquarie Sekuritas Indonesia,419831994,1966475908500,27466
2026-01-30,250,SA,Elit Sukses Sekuritas,84930700,42945386300,6337
2026-01-30,251,SF,Surya Fajar Sekuritas,30034800,12131647200,1593
2026-01-30,252,SH,Artha Sekuritas Indonesia,67583500,49905286600,4038
2026-01-30,253,SQ,BCA Sekuritas,1954024650,1470830242900,99341
2026-01-30,254,SS,Supra Sekuritas Indonesia,334094000,275198494500,7029
2026-01-30,255,TF,Laba Sekuritas Indonesia,4851404,2648483260,662
2026-01-30,256,TP,OCBC Sekuritas Indonesia,590502100,653448850000,35707
2026-01-30,257,TS,Dwidana Sakti Sekuritas,43237400,38759975700,1568
2026-01-30,258,XA,NH Korindo Sekuritas Indonesia,803526024,466448923220,42051
2026-01-30,259,XC,Ajaib Sekuritas Asia,3443480600,1804546144300,412232
2026-01-30,260,XL,Stockbit Sekuritas Digital,17591961210,7139564591420,1953268
2026-01-30,261,YB,Yakin Bertumbuh Sekuritas,1578084800,586097551700,65670
2026-01-30,262,YJ,Lotus Andalan Sekuritas,710708804,332870396660,21611
2026-01-30,263,YO,Amantara Sekuritas Indonesia,5999800,4433468400,353
2026-01-30,264,YP,Mirae Asset Sekuritas Indonesia,7236040160,3596434743000,453196
2026-01-30,265,YU,CGS International Sekuritas Indonesia,6304872520,4122736404762,186120
2026-01-30,266,ZP,Maybank Sekuritas Indonesia,4184422422,5561793544832,268371
2026-01-30,267,ZR,Bumiputera Sekuritas,23450700,27353112400,2170
2026-02-02,268,AD,OSO Sekuritas Indonesia,7917000,3241865000,247
2026-02-02,269,AF,Harita Kencana Sekuritas,42887300,20335891200,863
2026-02-02,270,AG,Kiwoom Sekuritas Indonesia,216016700,192671819800,16858
2026-02-02,271,AH,Shinhan Sekuritas Indonesia,16493100,13663986000,627
2026-02-02,272,AI,UOB Kay Hian Sekuritas,515219600,477666140500,20087
2026-02-02,273,AK,UBS Sekuritas Indonesia,6118639150,5291404449720,389050
2026-02-02,274,AN,Wanteg Sekuritas,107822700,15716562700,1128
2026-02-02,275,AO,ERDIKHA ELIT SEKURITAS,300340700,167784314600,11528
2026-02-02,276,AP,Pacific Sekuritas Indonesia,94326416,81783758200,41
2026-02-02,277,AR,Binaartha Sekuritas,57448900,20994282800,1336
2026-02-02,278,AT,Phintraco Sekuritas,204098500,74042014200,14017
2026-02-02,279,AZ,Sucor Sekuritas,1748626200,1363164628700,84033
2026-02-02,280,BB,Verdhana Sekuritas Indonesia,739478142,918553729100,76803
2026-02-02,281,BF,Inti Fikasa Sekuritas,88711100,79470415700,739
2026-02-02,282,BK,J.P. Morgan Sekuritas Indonesia,1935274944,2621431397424,141987
2026-02-02,283,BQ,Korea Investment and Sekuritas Indonesia,3483637372,612614894600,68919
2026-02-02,284,BR,Trust Sekuritas,100902300,58031047600,8886
2026-02-02,285,BS,Equity Sekuritas Indonesia,6275500,5663805900,427
2026-02-02,286,CC,MANDIRI SEKURITAS,8945974407,6225780938450,547384
2026-02-02,287,CD,Mega Capital Sekuritas,161395382,137022406008,6655
2026-02-02,288,CP,KB Valbury Sekuritas,4054470758,1658562907200,123691
2026-02-02,289,DD,Makindo Sekuritas,1913600,1240404600,108
2026-02-02,290,DH,SINARMAS SEKURITAS,426538414,569949477544,31158
2026-02-02,291,DP,DBS Vickers Sekuritas Indonesia,185745500,152897606000,7865
2026-02-02,292,DR,RHB Sekuritas Indonesia,965956100,590221796600,46910
2026-02-02,293,DU,KAF Sekuritas Indonesia,40337000,4728665900,824
2026-02-02,294,DX,Bahana Sekuritas,190919862,380668201450,19722
2026-02-02,295,EL,Evergreen Sekuritas Indonesia,20989100,17908438900,819
2026-02-02,296,EP,MNC Sekuritas,1327771573,503265930148,53820
2026-02-02,297,ES,EKOKAPITAL SEKURITAS,46066200,53400110400,2050
2026-02-02,298,FO,Forte Global Sekuritas,5011000,109762500,7
2026-02-02,299,FS,Yuanta Sekuritas Indonesia,134016239,49207605462,4030
2026-02-02,300,FZ,Waterfront Sekuritas Indonesia,139103400,83573570900,4733
2026-02-02,301,GA,BNC Sekuritas Indonesia,12786900,25099230000,978
2026-02-02,302,GI,Webull Sekuritas Indonesia,80978500,7364351600,2026
2026-02-02,303,GR,PANIN SEKURITAS Tbk.,1110976200,672372669700,51058
2026-02-02,304,HD,KGI Sekuritas Indonesia,992999200,485326532100,51946
2026-02-02,305,HP,Henan Putihrai Sekuritas,261323000,251123566100,15947
2026-02-02,306,IC,Integrity Capital Sekuritas,105400,227449700,8
2026-02-02,307,ID,Anugerah Sekuritas Indonesia,48461100,16566626300,744
2026-02-02,308,IF,SAMUEL SEKURITAS INDONESIA,505166300,339899075700,18394
2026-02-02,309,IH,Indo Harvest Sekuritas,25721900,21841870300,1660
2026-02-02,310,II,Danatama Makmur Sekuritas,80018400,27664504000,665
2026-02-02,311,IN,INVESTINDO NUSANTARA SEKURITA,319162300,257519638600,11842
2026-02-02,312,IT,INTI TELADAN SEKURITAS,2981100,5641675200,231
2026-02-02,313,IU,Indo Capital Sekuritas,193258500,57302846500,4353
2026-02-02,314,KI,Ciptadana Sekuritas Asia,359985100,280413113300,16938
2026-02-02,315,KK,Phillip Sekuritas Indonesia,1931669900,886202855100,105905
2026-02-02,316,KZ,CLSA Sekuritas Indonesia,267969100,916093533000,51647
2026-02-02,317,LG,Trimegah Sekuritas Indonesia Tbk.,2006117300,1815215742000,113532
2026-02-02,318,LS,Reliance Sekuritas Indonesia Tbk.,91726100,42093423400,4291
2026-02-02,319,MG,Semesta Indovest Sekuritas,10571386900,3112655346300,160927
2026-02-02,320,MI,Victoria Sekuritas Indonesia,151821300,20460486600,770
2026-02-02,321,MU,Minna Padi Investama Sekuritas,227045000,56733314500,2078
2026-02-02,322,NI,BNI Sekuritas,1959329900,1516167866000,135283
2026-02-02,323,OD,BRI Danareksa Sekuritas,1349788600,1097475986400,100113
2026-02-02,324,OK,NET SEKURITAS,42409200,38619876300,780
2026-02-02,325,PC,FAC Sekuritas Indonesia,84564400,42397196000,3121
2026-02-02,326,PD,Indo Premier Sekuritas,3303053430,2385295310720,293185
2026-02-02,327,PF,Danasakti Sekuritas Indonesia,11349300,5194301600,359
2026-02-02,328,PG,Panca Global Sekuritas,39084100,29176441600,1699
2026-02-02,329,PI,Magenta Kapital Sekuritas Indonesia,43323500,21870081100,694
2026-02-02,330,PO,Pilarmas Investindo Sekuritas,86608100,39715965900,1197
2026-02-02,331,PP,Aldiracita Sekuritas Indonesia,5760100,4524476900,635
2026-02-02,332,QA,Tuntun Sekuritas Indonesia,74784200,21805867500,3150
2026-02-02,333,RB,Ina Sekuritas Indonesia,130211700,72144776400,2238
2026-02-02,334,RF,Buana Capital Sekuritas,281162800,307940466300,7400
2026-02-02,335,RG,Profindo Sekuritas Indonesia,18492400,15140668800,1545
2026-02-02,336,RO,Pluang Maju Sekuritas,48862100,20934488700,1745
2026-02-02,337,RS,Yulie Sekuritas Indonesia Tbk.,15065400,10111330300,538
2026-02-02,338,RX,Macquarie Sekuritas Indonesia,371089924,1935396448488,29788
2026-02-02,339,SA,Elit Sukses Sekuritas,40211500,29740709200,2505
2026-02-02,340,SF,Surya Fajar Sekuritas,29978500,9916271800,1170
2026-02-02,341,SH,Artha Sekuritas Indonesia,69947300,40662218500,2414
2026-02-02,342,SQ,BCA Sekuritas,1743511928,1370490320700,96336
2026-02-02,343,SS,Supra Sekuritas Indonesia,132944900,129238254700,5694
2026-02-02,344,TF,Laba Sekuritas Indonesia,73908100,5955104000,1336
2026-02-02,345,TP,OCBC Sekuritas Indonesia,522363500,422562820700,32641
2026-02-02,346,TS,Dwidana Sakti Sekuritas,18961900,39747460100,672
2026-02-02,347,XA,NH Korindo Sekuritas Indonesia,719374632,351937463600,32761
2026-02-02,348,XC,Ajaib Sekuritas Asia,2737884800,1415126902700,362716
2026-02-02,349,XL,Stockbit Sekuritas Digital,14592207430,5406435461656,1672630
2026-02-02,350,YB,Yakin Bertumbuh Sekuritas,5034444000,856627910600,63637
2026-02-02,351,YJ,Lotus Andalan Sekuritas,712675800,287247993500,18477
2026-02-02,352,YO,Amantara Sekuritas Indonesia,18708900,68872352400,280
2026-02-02,353,YP,Mirae Asset Sekuritas Indonesia,6256703363,3281670703060,390097
2026-02-02,354,YU,CGS International Sekuritas Indonesia,5763483280,2173077694602,124388
2026-02-02,355,ZP,Maybank Sekuritas Indonesia,2819068416,3135348775190,202565
2026-02-02,356,ZR,Bumiputera Sekuritas,12922700,16094191600,999
